,source,target
0,@maqnaul_ulum,@Mdy_Asmara1701
1,@tribunkaltim,@tribunkaltim
2,@tribunkaltim,@Tribun_Kaltara
3,@at_Frederich18,@CNNIndonesia
4,@at_Frederich18,@KompasTV
5,@elditweet,@puanmaharani_ri
6,@elditweet,@CNNIndonesia
7,@elditweet,@erickthohir
8,@elditweet,@prabowo
9,@elditweet,@ganjarpranowo
10,@elditweet,@panca66
11,@rsitanggang2101,@Haro_Rajagukguk
12,@rsitanggang2101,@Triyogo22684337
13,@rmp_officials,@cakimiNOW
14,@rmp_officials,@FadlyPadi13
15,@MartinS85825235,@partainasdem
16,@MartinS85825235,@rethiesri
17,@MartinS85825235,@psi_id
18,@MartinS85825235,@PKSejahtera
19,@MartinS85825235,@FraksiPKB
20,@MartinS85825235,@PartaiGolkar
21,@MartinS85825235,@PadmavatiPrati1
22,@MartinS85825235,@MediaCellPPP
23,@MartinS85825235,@benediktus2302
24,@MartinS85825235,@PartaiPerindo
25,@MartinS85825235,@KitaSemuaJokowi
26,@MartinS85825235,@PDemokrat
27,@MartinS85825235,@aniesbaswedan
28,@MartinS85825235,@agusharimurti
29,@MartinS85825235,@BennyHarmanID
30,@MartinS85825235,@msaid_didu
31,@MartinS85825235,@_RiuRizkiUtomo
32,@MartinS85825235,@SBYudhoyono
33,@MartinS85825235,@Ganjar4RI
34,@MartinS85825235,@kangsobary
35,@MartinS85825235,@BeEm_JOENTAK16
36,@MartinS85825235,@_MbakSri_
37,@MartinS85825235,@theo12_ini
38,@MartinS85825235,@PartaiDemokrat
39,@jpnncom,@prabowo
40,@jpnncom,@ganjarpranowo
41,@jpnncom,@aniesbaswedan
42,@jpnncom,@ridwankamil
43,@jpnncom,@cakimiNOW
44,@jpnncom,@NasDem
45,@jpnncom,@jokowi
46,@jpnncom,@PDemokrat
47,@jpnncom,@YourUnissula
48,@jpnncom,@PDI_Perjuangan
49,@jpnncom,@PKSejahtera
50,@jpnncom,@TajYasinMZ
51,@jpnncom,@DPP_PKB
52,@jpnncom,@Gerindra
53,@jpnncom,@SBYudhoyono
54,@jpnncom,@puanmaharani_ri
55,@jpnncom,@airlangga_hrt
56,@jpnncom,@KhofifahIP
57,@jpnncom,@AgusYudhoyono
58,@jpnncom,@YahyaCStaquf
59,@jpnncom,@nahdlatululama
60,@jpnncom,@golkar_id
61,@jpnncom,@sandiuno
62,@jpnncom,@basuki_btp
63,@jpnncom,@susipudjiastuti
64,@jpnncom,@ruhutsitompul
65,@jpnncom,@JimlyAs
66,@g_politik2024,@golkar_id
67,@Adrian_Mandra,@EvyNurmilasari
68,@Adrian_Mandra,@pkbjawatengah
69,@Adrian_Mandra,@FraksiPKB
70,@Adrian_Mandra,@dennyseptiviant
71,@Adrian_Mandra,@BersemiBumi
72,@pokdarnasional,@tempodotco
73,@pokdarnasional,@detikcom
74,@detikcom,@20detik
75,@detikcom,@ridwankamil
76,@KaumTabu,@Cucu4Anak4
77,@KaumTabu,@FerdinandHutah4
78,@MI2024Grobogan,@EvyNurmilasari
79,@MI2024Grobogan,@pkbjawatengah
80,@MI2024Grobogan,@FraksiPKB
81,@MI2024Grobogan,@dennyseptiviant
82,@MI2024Grobogan,@BersemiBumi
83,@LaNyallaAcademy,@purwanto010170
84,@LaNyallaAcademy,@kemendagri
85,@LaNyallaAcademy,@ashabur_roestam
86,@LaNyallaAcademy,@lanyallacenter_
87,@LaNyallaAcademy,@LaNyallaMM1
88,@LaNyallaAcademy,@choymarkochoy
89,@LaNyallaAcademy,@patualanggaAsse
90,@LaNyallaAcademy,@danielmunaf41
91,@agung5473,@TPPJateng
92,@agung5473,@tppkemendes
93,@agung5473,@TPPKabRembang
94,@agung5473,@cakimiNOW
95,@agung5473,@halimiskandarnu
96,@agung5473,@GusMuhaimin_LMG
97,@wartakotalive,@wartakotalive
98,@portalmediaid,@PDI_Perjuangan
99,@portalmediaid,@SBYudhoyono
100,@portalmediaid,@PDemokrat
101,@buds2k21,@aniesbaswedan
102,@buds2k21,@irmasuryani_A07
103,@buds2k21,@NasDem
104,@buds2k21,@PDI_Perjuangan
105,@buds2k21,@ganjarpranowo
106,@haldipanjaitan,@aniesbaswedan
107,@haldipanjaitan,@SBYudhoyono
108,@haldipanjaitan,@PDemokrat
109,@haldipanjaitan,@PKSejahtera
110,@BagusMuhaimin18,@dpwBagusSumut
111,@BagusMuhaimin18,@DPP_PKB
112,@BagusMuhaimin18,@baGUSMUHAIMIN24
113,@BagusMuhaimin18,@cakimiNOW
114,@BagusMuhaimin18,@BagusMuhaiminS1
115,@BagusMuhaimin18,@EmHasanuddin
116,@timsunyisenyap,@ganjarpranowo
117,@timsunyisenyap,@disdik_jabar
118,@timsunyisenyap,@ridwankamil
119,@timsunyisenyap,@Gerindra
120,@timsunyisenyap,@PDI_Perjuangan
121,@timsunyisenyap,@prabowo
122,@timsunyisenyap,@puanmaharani_ri
123,@timsunyisenyap,@setkabgoid
124,@timsunyisenyap,@jokowi
125,@timsunyisenyap,@KemensetnegRI
126,@timsunyisenyap,@KSPgoid
127,@ian_baus113,@cakimiNOW
128,@Muhamma33732923,@cakimiNOW
129,@apr_doang,@joswito
130,@apr_doang,@pradanikribow
131,@apr_doang,@nirwarkot
132,@apr_doang,@cahyonurdin
133,@apr_doang,@akgni
134,@apr_doang,@ahbuch
135,@apr_doang,@dewiambaratna
136,@apr_doang,@herrybarus
137,@apr_doang,@Reotac
138,@apr_doang,@ganjarpranowo
139,@apr_doang,@roso_daras
140,@apr_doang,@aquarini
141,@apr_doang,@ladang17
142,@apr_doang,@budimalau
143,@apr_doang,@henrylopulalan
144,@apr_doang,@wartakotalive
145,@OjoLali10337797,@sonsih56
146,@OjoLali10337797,@SholihAly
147,@OjoLali10337797,@mystore0924
148,@pengendalijari,@ganjarpranowo
149,@rmbantencom,@Relawananies
150,@rmbantencom,@aniesbaswedan
151,@rmbantencom,@PKSejahtera
152,@rmbantencom,@Gerindra
153,@rmbantencom,@cakimiNOW
154,@rmbantencom,@prabowo
155,@rmbantencom,@DPP_PKB
156,@rmbantencom,@sandiuno
157,@rmbantencom,@MuzaniGerindra
158,@rmbantencom,@PDI_Perjuangan
159,@rmbantencom,@puanmaharani_ri
160,@rmbantencom,@ganjarpranowo
161,@rmbantencom,@Don_dasco
162,@rmbantencom,@Suharso_M
163,@rmbantencom,@airlangga_hrt
164,@rmbantencom,@ZUL_Hasan
165,@rmbantencom,@ridwankamil
166,@rmbantencom,@RamliRizal
167,@rmbantencom,@AdhieMassardi
168,@rmbantencom,@jokowi
169,@rmbantencom,@DPP_PPP
170,@rmbantencom,@Official_PAN
171,@rmbantencom,@satriohendri
172,@rmbantencom,@AgusYudhoyono
173,@rmbantencom,@DPR_RI
174,@rmbantencom,@PDemokrat
175,@rmbantencom,@ReflyHZ
176,@rmbantencom,@msaid_didu
177,@rmbantencom,@fadlizon
178,@rmbantencom,@KRMTRoySuryo2
179,@rmbantencom,@jansen_jsp
180,@KataLogika86,@SBYudhoyono
181,@KataLogika86,@MurtadhaOne1
182,@KataLogika86,@AliNgabalinNew
183,@KataLogika86,@GeneralMoeldoko
184,@KataLogika86,@AgusYudhoyono
185,@KataLogika86,@mohmahfudmd
186,@KataLogika86,@PDemokrat
187,@vdvc_talk,@aniesbaswedan
188,@vdvc_talk,@satriohendri
189,@zakaria_hmy,@Mursyidan11
190,@zakaria_hmy,@zakaria_hmy
191,@zakaria_hmy,@AcehTpp
192,@zakaria_hmy,@DPP_PKB
193,@zakaria_hmy,@cakimiNOW
194,@zakaria_hmy,@HasanZulfahmi
195,@zakaria_hmy,@EmHasanuddin
196,@sutamibakri,@zakaria_hmy
197,@sutamibakri,@Mursyidan10
198,@sutamibakri,@HasanZulfahmi
199,@sutamibakri,@AcehTpp
200,@sutamibakri,@DPWPKBAceh
201,@sutamibakri,@Mursyidan11
202,@sutamibakri,@cakimiNOW
203,@AtmaGoApp,@bawaslu_RI
204,@kasmawa78865837,@cakimiNOW
205,@kasmawa78865837,@rmp_officials
206,@jiaeminaa,@PDemokrat
207,@GImenang2024,@airlangga_hrt
208,@GImenang2024,@golkar
209,@Seputar_Et,@erickthohir
210,@syariflatif2,@cakimiNOW
211,@geraaak_id,@prabowo
212,@kuya_jou,@marlina_idha
213,@kuya_jou,@rahardi_efendi
214,@ihsandi062,@cakimiNOW
215,@DonMuzakir,@prabowo
216,@Sobat_RK,@ridwankamil
217,@h4disupriyanto,@cakimiNOW
218,@merryround3,@erickthohir
219,@merryround3,@prabowo
220,@Sobat_Juara,@ridwankamil
221,@Sobat_Juara,@ata_lia
222,@GanjaranApp,@ganjarpranowo
223,@sayfull46,@PatrickGuchiano
224,@sayfull46,@rahmatsn
225,@sukarja,@Gerindra
226,@sukarja,@prabowo
227,@sukarja,@sandiuno
228,@MediaAcehOnline,@PKSejahtera
229,@MediaAcehOnline,@sandiuno
230,@MediaAcehOnline,@ganjarpranowo
231,@MediaAcehOnline,@ridwankamil
232,@1356burian,@jokowi
233,@1356burian,@KejaksaanRI
234,@1356burian,@KPK_RI
235,@1356burian,@PDI_Perjuangan
236,@1356burian,@DivHumas_Polri
237,@RM_RajaMedia,@Gerindra
238,@RM_RajaMedia,@MuzaniGerindra
239,@RM_RajaMedia,@sandiuno
240,@RM_RajaMedia,@LANGKAHANIES
241,@RM_RajaMedia,@aniesbaswedan
242,@RM_RajaMedia,@DPP_PKB
243,@RM_RajaMedia,@cakimiNOW
244,@RM_RajaMedia,@KemenkeuRI
245,@infopkbjogja,@Gerindra
246,@infopkbjogja,@gaspoll2024
247,@infopkbjogja,@hanifdhakiri
248,@infopkbjogja,@voiceofpkb
249,@infopkbjogja,@voiceofmuhaimin
250,@infopkbjogja,@DPP_PKB
251,@infopkbjogja,@cakimiNOW
252,@infopkbjogja,@prabowo
253,@infopkbjogja,@rmp_officials
254,@infopkbjogja,@agussulis_
255,@infopkbjogja,@EmHasanuddin
256,@infopkbjogja,@bawaslu_RI
257,@infopkbjogja,@KPU_ID
258,@orbitindonesia_,@ganjarpranowo
259,@orbitindonesia_,@ridwankamil
260,@jaringberitacom,@prabowo
261,@jaringberitacom,@sandiuno
262,@jaringberitacom,@Gerindra
263,@BongkahI,@KhofifahIP
264,@BongkahI,@Unair_Official
265,@BongkahI,@JatimPemprov
266,@BongkahI,@ganjarpranowo
267,@AkhifaDanie,@visiau
268,@AkhifaDanie,@VIVAcoid
269,@AkhifaDanie,@qm4n76
270,@AkhifaDanie,@susipudjiastuti
271,@Nusabogor,@Nusabogor
272,@HidayatHafied3,@PDemokrat
273,@holopiscom,@ZUL_Hasan
274,@holopiscom,@Official_PAN
275,@holopiscom,@jokowi
276,@holopiscom,@PDI_Perjuangan
277,@holopiscom,@Gerindra
278,@holopiscom,@prabowo
279,@holopiscom,@KPU_ID
280,@holopiscom,@DPP_PKB
281,@holopiscom,@na_dirs
282,@holopiscom,@Tifauzia1
283,@holopiscom,@aniesbaswedan
284,@holopiscom,@puanmaharani_ri
285,@holopiscom,@bawaslu_RI
286,@holopiscom,@Masinton
287,@holopiscom,@ganjarpranowo
288,@holopiscom,@RamliRizal
289,@holopiscom,@Fahrihamzah
290,@holopiscom,@holopiscom
291,@holopiscom,@DPP_PPP
292,@holopiscom,@PKSejahtera
293,@kopikemarau,@KPU_ID
294,@kopikemarau,@DPR_RI
295,@pnugroho28,@jokowi
296,@pnugroho28,@detikcom
297,@pnugroho28,@prabowo
298,@zareena_azzahra,@arsul_sani
299,@CrowDits,@PDemokrat
300,@CrowDits,@PKSejahtera
301,@CrowDits,@NasDem
302,@Rianto_Pa1000,@aniesbaswedan
303,@Rianto_Pa1000,@Mdy_Asmara1701
304,@Airlangga_nomic,@Golkar2024
305,@Airlangga_nomic,@golkar_id
306,@Airlangga_nomic,@psi_id
307,@Golkar2024,@pinterpolitik
308,@gerakanberkah,@airlangga_hrt
309,@gerakanberkah,@hadialbulaqi
310,@gerakanberkah,@PerekonomianRI
311,@jatengnetwork,@GDCIndonesia
312,@jatengnetwork,@ganjarpranowo
313,@ReneSinclair,@GanjarPranowo
314,@A_B0NA,@pengarang_sajak
315,@dasdesclean,@dasdesclean
316,@relawanlanyalla,@lanyallacenter_
317,@relawanlanyalla,@R101RWANSYAH
318,@relawanlanyalla,@juvelinealdi
319,@relawanlanyalla,@seayubtari
320,@relawanlanyalla,@TeoSulaiman
321,@relawanlanyalla,@mehrunyasyakila
322,@relawanlanyalla,@sarahzahra23
323,@relawanlanyalla,@LaNyallaAcademy
324,@relawanlanyalla,@bengkeldodo
325,@relawanlanyalla,@KitaLaNyalla
326,@relawanlanyalla,@kadekswastika78
327,@relawanlanyalla,@LaNyallaMM1
328,@relawanlanyalla,@infolanyalla_
329,@relawanlanyalla,@PutuGede1978
330,@Jokoyu,@prabowo
331,@Jokoyu,@SbuxIndonesia
332,@Jokoyu,@Starbucks
333,@Jokoyu,@jokowi
334,@kholidmuhammad,@Gerindra
335,@kholidmuhammad,@cakimiNOW
336,@kholidmuhammad,@prabowo
337,@kholidmuhammad,@DPP_PKB
338,@AzizyPambudi,@Gerindra
339,@AzizyPambudi,@aniesbaswedan
340,@AzizyPambudi,@HusinShihab
341,@AzizyPambudi,@msaid_didu
342,@AzizyPambudi,@NajwaShihab
343,@AzizyPambudi,@Maudy__A
344,@AzizyPambudi,@prabowo
345,@AzizyPambudi,@abu_waras
346,@AzizyPambudi,@ChusnulCh__
347,@AzizyPambudi,@kr1t1kp3d45_pro
348,@AzizyPambudi,@Dahnilanzar
349,@AzizyPambudi,@psi_id
350,@AzizyPambudi,@grace_nat
351,@AzizyPambudi,@detikcom
352,@AzizyPambudi,@democrazymedia
353,@AzizyPambudi,@NasDem
354,@AzizyPambudi,@Fahrihamzah
355,@nunuindonesia,@Gerindra
356,@nunuindonesia,@KhofifahIP
357,@nunuindonesia,@cakimiNOW
358,@nunuindonesia,@YahyaCStaquf
359,@nunuindonesia,@YaqutCQoumas
360,@nunuindonesia,@prabowo
361,@nunuindonesia,@saidaqil
362,@nunuindonesia,@mohmahfudmd
363,@nunuindonesia,@yennywahid
364,@satriohendri,@Gerindra
365,@satriohendri,@cakimiNOW
366,@satriohendri,@prabowo
367,@satriohendri,@DPP_PKB
368,@Andreprdn01,@Gerindra
369,@Andreprdn01,@prabowo
370,@Andreprdn01,@DPP_PKB
371,@NkriLentera,@gustimbotensare
372,@NkriLentera,@prabowo
373,@EricssenWen,@prabowo
374,@EricssenWen,@LitbangKompas
375,@EricssenWen,@Gerindra
376,@EricssenWen,@PDI_Perjuangan
377,@EricssenWen,@PDemokrat
378,@EricssenWen,@erickthohir
379,@EricssenWen,@ganjarpranowo
380,@EricssenWen,@yanuarnugroho
381,@EricssenWen,@indikatorcoid
382,@EricssenWen,@BurhanMuhtadi
383,@EricssenWen,@jokowi
384,@EricssenWen,@pinterpolitik
385,@EricssenWen,@yunartowijaya
386,@EricssenWen,@aniesbaswedan
387,@EricssenWen,@basuki_btp
388,@pkbkotmojokerto,@junaedi_malik
389,@pkbkotmojokerto,@uki
390,@pkbkotmojokerto,@dpwpkbjatim
391,@pkbkotmojokerto,@cakiminow
392,@pkbkotmojokerto,@dpp_pkb
393,@pkbkotmojokerto,@dpcpkbkotamojokerto
394,@pikiran_rakyat,@YouTube
395,@teropongmetro,@Gerindra
396,@teropongmetro,@aniesbaswedan
397,@teropongmetro,@ZUL_Hasan
398,@teropongmetro,@PKSejahtera
399,@teropongmetro,@FraksiPKB
400,@teropongmetro,@fadlizon
401,@teropongmetro,@cakimiNOW
402,@teropongmetro,@AgusYudhoyono
403,@teropongmetro,@prabowo
404,@teropongmetro,@nahdlatululama
405,@teropongmetro,@Don_dasco
406,@teropongmetro,@airlangga_hrt
407,@teropongmetro,@Suharso_M
408,@teropongmetro,@DulurKangEddy
409,@teropongmetro,@salehdaulay
410,@teropongmetro,@YandriSusanto
411,@teropongmetro,@Official_PANLPG
412,@teropongmetro,@DPP_PKB
413,@teropongmetro,@KPU_ID
414,@teropongmetro,@Teropongmetro
415,@teropongmetro,@kemendagri
416,@teropongmetro,@DPR_RI
417,@Aseven_ID,@ganjarpranowo
418,@Rmanews_id,@airlangga_hrt
419,@Rmanews_id,@ridwankamil
420,@IndonesiaEmas24,@golkar_id
421,@YRuhiyat3,@aniesbaswedan
422,@YRuhiyat3,@puanmaharani_ri
423,@YRuhiyat3,@ganjar
424,@YRuhiyat3,@erickthohir
425,@YRuhiyat3,@AgusYudhoyono
426,@YRuhiyat3,@prabowo
427,@YRuhiyat3,@ChusnulCh__
428,@OktavianusYahy1,@Gerindra
429,@OktavianusYahy1,@cakimiNOW
430,@OktavianusYahy1,@prabowo
431,@OktavianusYahy1,@DPP_PKB
432,@KomarJaya16,@TetapPuan
433,@Bambangelf,@Gerindra
434,@Bambangelf,@cakimiNOW
435,@Bambangelf,@prabowo
436,@Bambangelf,@DPP_PKB
437,@datanesia_id,@kemenkomarves
438,@datanesia_id,@Kemenperin_RI
439,@posjakut,@nurterbit
440,@posjakut,@aniesbaswedan
441,@posjakut,@ganjarpranowo
442,@batangubii_,@tvOneNews
443,@batangubii_,@Nurmantyo_Gatot
444,@tvOneNews,@ganjarpranowo
445,@tvOneNews,@vivacoid
446,@YanuarPrihatin1,@cakimiNOW
447,@YanuarPrihatin1,@prabowo
448,@sinarjabar_com,@prabowo
449,@sinarjabar_com,@ganjarpranowo
450,@tribunjambiku,@tribunjambiku
451,@taput60dtk,@TetapPuan
452,@Rori_AbuSyakira,@radaraktual
453,@Santri_Brebes,@airlangga_hrt
454,@Santri_Brebes,@AirlanggaUpdate
455,@InilahMojokerto,@Petanesia1
456,@InilahMojokerto,@PetanesiaNgawi
457,@InilahMojokerto,@PetanesiaJKT
458,@InilahMojokerto,@petanesia
459,@InilahMojokerto,@petanesiajateng
460,@InilahMojokerto,@PasuruanDpc
461,@InilahMojokerto,@FraksiPKB
462,@InilahMojokerto,@InilahMojokerto
463,@InilahMojokerto,@Santri_PKB
464,@InilahMojokerto,@gusirsyad_04
465,@InilahMojokerto,@DPP_PKB
466,@InilahMojokerto,@cakimiNOW
467,@InilahMojokerto,@zuroh_ayni
468,@InilahMojokerto,@ganjarpranowo
469,@InilahMojokerto,@KhofifahIP
470,@InilahMojokerto,@Official_PAN
471,@InilahMojokerto,@Golkar5
472,@InilahMojokerto,@golkar
473,@InilahMojokerto,@PartaiGolkar
474,@InilahMojokerto,@DPP_PPP
475,@ArusSurvei,@alirifan
476,@Herzaky__MP,@aniesbaswedan
477,@Herzaky__MP,@PKSejahtera
478,@Herzaky__MP,@AgusYudhoyono
479,@Herzaky__MP,@PDemokrat
480,@Herzaky__MP,@NasDem
481,@_Goentoer_,@ganjarpranowo
482,@serambinews,@serambinews
483,@sharenewsaceh,@serambinews
484,@mediacaraka,@KadrunTeroris
485,@mediacaraka,@fadlizon
486,@mediacaraka,@prabowo
487,@republikaonline,@NasDem
488,@republikaonline,@prabowo
489,@republikaonline,@aniesbaswedan
490,@Queeninmind,@kemkominfo
491,@Queeninmind,@NdrewsTjan
492,@bayu_virda,@Uki23
493,@YogyaPos,@Prof_Azyumardi
494,@YogyaPos,@almaataGH
495,@satia_nagara,@democrazymedia
496,@Kang__seno,@ganjarpranowo
497,@partaigeloraid,@Mahfuzsidik_
498,@partaigeloraid,@anismatta
499,@partaigeloraid,@achmadnurhdyt
500,@partaigeloraid,@dennyindrayana
501,@partaigeloraid,@Fahrihamzah
502,@PungPurwanto,@officialMKRI
503,@PungPurwanto,@Gerindra
504,@PungPurwanto,@MNCkoranSINDO
505,@PungPurwanto,@DPP_PKB
506,@PungPurwanto,@cakimiNOW
507,@PungPurwanto,@prabowo
508,@PungPurwanto,@KPU_ID
509,@AirlanggaUmkm,@Golkar2024
510,@AirlanggaUmkm,@airlangga_hrt
511,@AirlanggaUmkm,@golkar_id
512,@kaspito,@PDI_Perjuangan
513,@kaspito,@luhut_binsar
514,@kaspito,@DPR_RI
515,@kaspito,@jokowi
516,@kaspito,@ganjarpranowo
517,@kaspito,@2045Tv
518,@kaspito,@Gerindra
519,@kaspito,@Golkar5
520,@kaspito,@NasDem
521,@kaspito,@psi_id
522,@kaspito,@MPRRI
523,@kaspito,@KompasTV
524,@kaspito,@KPK_RI
525,@kaspito,@Dennysiregar7
526,@kaspito,@Giring_Ganesha
527,@kaspito,@PSI_Jakarta
528,@kaspito,@DennySiregar7
529,@kaspito,@ANIESBASWEDAN
530,@kaspito,@cokro_tv
531,@kaspito,@DKIJakarta
532,@kaspito,@PKSejahtera
533,@kaspito,@PDemokrat
534,@kaspito,@KPU_ID
535,@kaspito,@Kemendagri_RI
536,@Zhafira201205,@cakimiNOW
537,@arif4652882553,@cakimiNOW
538,@j_komarud,@Imassaepullah
539,@j_komarud,@Muhammad_Saewad
540,@caffein_cat,@FaqihMas1
541,@caffein_cat,@MbahDar96244784
542,@caffein_cat,@CNNIndonesia
543,@kaumkomen,@aniesbaswedan
544,@dpw_sulsel,@GerindraSulsel
545,@dpw_sulsel,@cakimiNOW
546,@Andhoes,@aniesbaswedan
547,@Andhoes,@ganjarpranowo
548,@DPP_PPP,@arsul_sani
549,@ari_sup,@Official_PAN
550,@ari_sup,@PAN_Bergerak
551,@ari_sup,@BeritaPAN
552,@ari_sup,@BimaAryaS
553,@P_NurWahono,@msaid_didu
554,@P_NurWahono,@airlangga_hrt
555,@P_NurWahono,@detikcom
556,@suaraislam_id,@suaraislam_id
557,@tonimalakian,@korantempo
558,@gitskimassie,@ridwankamil
559,@gitskimassie,@aniesbaswedan
560,@gitskimassie,@CNNIndonesia
561,@gitskimassie,@basuki_btp
562,@gitskimassie,@sandiuno
563,@moeljon0,@zarazettirazr
564,@moeljon0,@RagilSemar
565,@ferry_news,@detikcom
566,@ferry_news,@merdekadotcom
567,@ekoesnadi,@PDI_Perjuangan
568,@ekoesnadi,@ganjarpranowo
569,@ekoesnadi,@NKRI_SAKLAWASE
570,@ekoesnadi,@puanmaharani_ri
571,@ekoesnadi,@ChusnulCh__
572,@ekoesnadi,@Rakyat_Recehan
573,@ekoesnadi,@Nasdem
574,@ekoesnadi,@ddggmmbbkk
575,@ekoesnadi,@NasDem
576,@ekoesnadi,@RidwanKamil
577,@ekoesnadi,@ridwankamil
578,@ekoesnadi,@_AnakKolong
579,@ekoesnadi,@AnakKolong_
580,@ekoesnadi,@kangdede78
581,@ekoesnadi,@TheArieAir
582,@ekoesnadi,@Ijo2Pria
583,@ekoesnadi,@pujangga1123
584,@ekoesnadi,@Paltiwest
585,@ekoesnadi,@cintada17
586,@ekoesnadi,@BamsBulaksumur
587,@ekoesnadi,@7intaPutih
588,@ekoesnadi,@Baracuda1818
589,@ekoesnadi,@FaeyzaAlzaidan
590,@ekoesnadi,@AnakLolina
591,@ekoesnadi,@BiLLRaY2019
592,@ekoesnadi,@bangzul_88
593,@ekoesnadi,@jokowi
594,@ekoesnadi,@pramonoanung
595,@ekoesnadi,@Surya_Paloh
596,@ekoesnadi,@JKFC23456789
597,@ekoesnadi,@Dawul_sukri
598,@ekoesnadi,@Dwiyana_DKM
599,@ekoesnadi,@RizmaWidiono
600,@ekoesnadi,@FerdinandHaean2
601,@ekoesnadi,@Ferdinand_Haean
602,@ekoesnadi,@alpinkori
603,@ekoesnadi,@SBYudhoyono
604,@ekoesnadi,@W4lfikri
605,@ekoesnadi,@AgusYudhoyono
606,@ekoesnadi,@AndiArief__
607,@terkinidotid,@papuamuslim95
608,@terkinidotid,@iwanfals
609,@kafirliberal,@Indie_Label
610,@kafirliberal,@aniesbaswedan
611,@kafirliberal,@RamliRizal
612,@kafirliberal,@cakimiNOW
613,@kafirliberal,@IndraJPiliang
614,@kafirliberal,@AgusYudhoyono
615,@kafirliberal,@Aline_Y_Tan
616,@kafirliberal,@saifulmujani
617,@kafirliberal,@yunartowijaya
618,@kafirliberal,@DennyJA_WORLD
619,@kafirliberal,@BurhanMuhtadi
620,@kafirliberal,@UmmuMulki
621,@kafirliberal,@Kiyai_MarufAmin
622,@kafirliberal,@jokowi
623,@kafirliberal,@HillaryClinton
624,@kafirliberal,@puanmaharani_ri
625,@kafirliberal,@ganjarpranowo
626,@kafirliberal,@Fahrihamzah
627,@kafirliberal,@DediMulyadi71
628,@kafirliberal,@NataliusPigai2
629,@kafirliberal,@PapuaMerdesa
630,@kafirliberal,@DonAdam68
631,@kafirliberal,@PasundanMerdesa
632,@kafirliberal,@PARNUSA
633,@kafirliberal,@Merdesa
634,@kafirliberal,@IslamSunda
635,@kafirliberal,@SundaMerdesa
636,@kafirliberal,@sandiuno
637,@kafirliberal,@prabowo
638,@kafirliberal,@budimandjatmiko
639,@ariabrotoseno,@Dennysiregar7
640,@ariabrotoseno,@_ekokuntadhi
641,@MERDESA,@cakimiNOW
642,@MERDESA,@rmp_officials
643,@salomodesain,@bdm2502
644,@salomodesain,@YouTube
645,@GusDinSurabaya,@jpnncom
646,@nahdiyinbersatu,@cakiminow
647,@hariankompas,@yoesepbudianto
648,@hariankompas,@MHernowo18
649,@hariankompas,@Edhie_Baskoro
650,@hariankompas,@aniesbaswedan
651,@hariankompas,@yohanwahyu76
652,@hariankompas,@yossihara
653,@hariankompas,@prabowo
654,@hariankompas,@ganjarpranowo
655,@hariankompas,@PDemokrat
656,@hariankompas,@rini_rek
657,@hariankompas,@lordjune
658,@hariankompas,@iqbalbasyari
659,@hariankompas,@KompasData
660,@OdiliusP,@aniesbaswedan
661,@KhairulUsman15,@ruhutsitompul
662,@KhairulUsman15,@rockygerung
663,@DPCPKBKabPas,@DPP_PKB
664,@DPCPKBKabPas,@cakimiNOW
665,@DPCPKBKabPas,@dpwpkbjatim_
666,@muslimf,@bawaslu_RI
667,@muslimf,@DPR_RI
668,@muslimf,@KPU_ID
669,@muslimf,@kemendagri
670,@muslimf,@DPDRI
671,@muslimf,@Pak_JK
672,@muslimf,@republikaonline
673,@muslimf,@aniesbaswedan
674,@muslimf,@sandiuno
675,@muslimf,@jokowi
676,@muslimf,@mprgoid
677,@muslimf,@nahdlatululama
678,@muslimf,@KompasTV
679,@AHalobany,@brurmabrur
680,@AHalobany,@PKSejahtera
681,@HariesSupriatn4,@cakimiNOW
682,@HariesSupriatn4,@prabowo
683,@moesa_jp02,@ganjarpranowo
684,@moesa_jp02,@PDI_Perjuangan
685,@moesa_jp02,@NasDem
686,@Satukata__,@SPOSTid
687,@Satukata__,@saiful_mujani
688,@LoeGueNKRI_2,@ridwankamil
689,@LoeGueNKRI_2,@aniesbaswedan
690,@LoeGueNKRI_2,@prabowo
691,@LoeGueNKRI_2,@ganjarpranowo
692,@jakarta11100,@jokowi
693,@jakarta11100,@DPR_RI
694,@jakarta11100,@PKSejahtera
695,@jakarta11100,@alisyarief
696,@jakarta11100,@MardaniAliSera
697,@jakarta11100,@GeiszChalifah
698,@jakarta11100,@Giring_Ganesha
699,@yosuparyo,@cakimiNOW
700,@Yadi28975266,@ListyoSigitP
701,@AzizahLiana2,@kodachiiii
702,@AgungBaskoro,@PDI_Perjuangan
703,@tribunmedan,@tribunmedan
704,@MyDadRock,@Fraksi_Gerindra
705,@MyDadRock,@prabowo
706,@MyDadRock,@democrazymedia
707,@TomyChandra21,@susipudjiastuti
708,@TomyChandra21,@mediaindonesia
709,@tl_aris,@jokowi
710,@tl_aris,@KPU_ID
711,@tl_aris,@CSIS
712,@tl_aris,@CSISIndonesia
713,@tl_aris,@PDI_Perjuangan
714,@PilarAktual,@aniesbaswedan
715,@PilarAktual,@PDemokrat
716,@PilarAktual,@AgusYudhoyono
717,@fallsky90,@budijoo7777
718,@fallsky90,@antros21
719,@KabariGolkar,@KabariGolkar
720,@martua_3,@mediaindonesia
721,@martua_3,@geloraco
722,@UwaSodik,@kharaeng
723,@wigRahman,@aniesbaswedan
724,@wigRahman,@puanmaharani_ri
725,@wigRahman,@prabowo
726,@wigRahman,@ganjarpranowo
727,@wigRahman,@KPK_RI
728,@SuperMumun,@msaid_didu
729,@nuchillinaris,@jokowi
730,@doddyjasman2,@jokowi
731,@projomorowali,@jokowi
732,@prima_or_id,@AlifKamal__
733,@BudiArie_,@jokowi
734,@RCyberProjo,@jokowi
735,@projopusat,@jokowi
736,@rudi_kadarisman,@Herzaky__MP
737,@rudi_kadarisman,@PDemokrat
738,@rudi_kadarisman,@aniesbaswedan
739,@rudi_kadarisman,@AgusYudhoyono
740,@tribunbanten,@YouTube
741,@edy_obeng21,@aniesbaswedan
742,@edy_obeng21,@AgusYudhoyono
743,@edy_obeng21,@prabowo
744,@edy_obeng21,@ganjarpranowo
745,@HastoSuprayogo,@PDemokrat
746,@HastoSuprayogo,@golkar_id
747,@HastoSuprayogo,@erickthohir
748,@HastoSuprayogo,@prabowo
749,@HastoSuprayogo,@nahdlatululama
750,@HastoSuprayogo,@aniesbaswedan
751,@HastoSuprayogo,@puanmaharani_ri
752,@HastoSuprayogo,@ridwankamil
753,@HastoSuprayogo,@ganjarpranowo
754,@HastoSuprayogo,@mediaindonesia
755,@NUMURA,@aniesbaswedan
756,@NUMURA,@VMantep
757,@NUMURA,@PDemokrat
758,@NUMURA,@jokowi
759,@NUMURA,@ganjarpranowo
760,@NUMURA,@ruhutsitompul
761,@NUMURA,@PDI_Perjuangan
762,@NUMURA,@ChusnulCh__
763,@NUMURA,@Kemenparekraf
764,@NUMURA,@AnakKolong_
765,@NUMURA,@mohmahfudmd
766,@NUMURA,@Dahnilanzar
767,@NUMURA,@prabowo
768,@Attar_RK,@RestyCaayah
769,@siomay_d,@ganjarpranowo
770,@pasa_property,@detikcom
771,@GPpresidenku,@ganjar_pedia
772,@GPpresidenku,@GanjarKu_
773,@GPpresidenku,@ganjarpranowo
774,@MNOVENYUNUS,@SBYudhoyono
775,@MNOVENYUNUS,@AgusYudhoyono
776,@MNOVENYUNUS,@jokowi
777,@hunggul,@aniesbaswedan
778,@hunggul,@SenatorJakarta
779,@hunggul,@CeletukWarga
780,@GaLuhintan,@kompascom
781,@rmiryanti,@erickthohir
782,@rmiryanti,@ganjarpranowo
783,@rmiryanti,@Rizmaya__
784,@rmiryanti,@ganjarist
785,@rmiryanti,@sahabatganjarid
786,@rmiryanti,@TemanGanjar2705
787,@rmiryanti,@Ery_Yanto
788,@rmiryanti,@DiantyYasmin3
789,@rmiryanti,@KakekHalal
790,@rmiryanti,@FraksiPKB
791,@rmiryanti,@PdiperjuanganP
792,@rmiryanti,@DPP_PKB
793,@rmiryanti,@faisolRI
794,@rmiryanti,@cakimiNOW
795,@rmiryanti,@FaGtng
796,@rmiryanti,@ChusnulCh__
797,@rmiryanti,@detikcom
798,@rmiryanti,@airlangga_hrt
799,@rmiryanti,@_AnakKolong
800,@rmiryanti,@DavidGosal4
801,@rmiryanti,@KPK_RI
802,@TawakalBack,@detikcom
803,@jakulunlappung,@ganjarpranowo
804,@jakulunlappung,@erickthohir
805,@jakulunlappung,@jansen_jsp
806,@jakulunlappung,@PDemokrat
807,@jakulunlappung,@AgusYudhoyono
808,@jakulunlappung,@KPU_ID
809,@jakulunlappung,@bawaslu_RI
810,@ilhamahmad0400,@ganjarpranowo
811,@infoin_info,@Gerindra
812,@infoin_info,@prabowo
813,@mentarinegeri,@sandiuno
814,@_infoindonesia,@agusharimurti
815,@_infoindonesia,@prabowo
816,@_infoindonesia,@isari68
817,@_infoindonesia,@airlangga_hrt
818,@_infoindonesia,@ridwankamil
819,@_infoindonesia,@aniesbaswedan
820,@_infoindonesia,@puanmaharani_ri
821,@_infoindonesia,@yennywahid
822,@_infoindonesia,@Gerindra
823,@_infoindonesia,@ganjarpranowo
824,@_infoindonesia,@jokowi
825,@_infoindonesia,@NasDem
826,@andrimoeslem,@jpnncom
827,@RencanaTrading,@PDI_Perjuangan
828,@RencanaTrading,@jokowi
829,@bakpaumono,@aniesbaswedan
830,@bakpaumono,@maman1965
831,@bakpaumono,@prabowo
832,@bakpaumono,@ganjarpranowo
833,@maman1965,@aniesbaswedan
834,@maman1965,@prabowo
835,@maman1965,@ganjarpranowo
836,@mr99zack,@ganjarpranowo
837,@HRudin099,@panca66
838,@juju_uda,@aniesbaswedan
839,@juju_uda,@maman1965
840,@juju_uda,@prabowo
841,@juju_uda,@ganjarpranowo
842,@Neolitelitikum,@aniesbaswedan
843,@Neolitelitikum,@picoez
844,@Neolitelitikum,@Smsl_alghozali
845,@Neolitelitikum,@kokokdirgantoro
846,@Neolitelitikum,@maman1965
847,@Neolitelitikum,@prabowo
848,@Neolitelitikum,@ganjarpranowo
849,@kerjabarengGP,@ganjar_pedia
850,@kerjabarengGP,@GanjarKu_
851,@Alva1588,@PDI_Perjuangan
852,@Alva1588,@jokowi
853,@SyaifulHooda,@DPP_PKB
854,@SyaifulHooda,@cakimiNOW
855,@SyaifulHooda,@MabesRakyat
856,@SyaifulHooda,@mabesrakyat
857,@SyaifulHooda,@cakiminow
858,@SyaifulHooda,@dpp_pkb
859,@SyaifulHooda,@syaifulhooda
860,@dpngerbangtani,@timescoid
861,@dpngerbangtani,@billy4riez
862,@dpngerbangtani,@yosuparyo
863,@dpngerbangtani,@idhamarsyadNow
864,@dpngerbangtani,@cakimiNOW
865,@tribunpontianak,@tribunpontianak
866,@KompasData,@RanggaEkaSakti1
867,@KompasData,@yohanwahyu76
868,@KompasData,@hariankompas
869,@billy4riez,@jpnncom
870,@WastamBin,@ganjarpranowo
871,@WAKTUINDONESIA_,@DPP_PKB
872,@WAKTUINDONESIA_,@cak_imin
873,@tribunpalunews,@tribun_palu
874,@MasMahdiputra,@Gerindra
875,@MasMahdiputra,@PDI_Perjuangan
876,@moito_abdillah,@jpnncom
877,@ruangpolitikcom,@ruangpolitikcom
878,@DailyKlik,@aniesbaswedan
879,@DailyKlik,@sandiuno
880,@DailyKlik,@AgusYudhoyono
881,@DailyKlik,@PDemokrat
882,@TeukuMaimun5,@iwanfals
883,@TeukuMaimun5,@cakimiNOW
884,@Jazilul_Fawaid,@iwanfals
885,@Jazilul_Fawaid,@cakimiNOW
886,@HendriMuslim6,@DPP_PKB
887,@HendriMuslim6,@cakimiNOW
888,@bupati_korupsi,@aniesbaswedan
889,@bupati_korupsi,@psi_id
890,@bupati_korupsi,@ridwankamil
891,@Novandri86R,@cakimiNOW
892,@DBT2682,@Dennysiregar7
893,@DBT2682,@prabowo
894,@DBT2682,@jokowi
895,@_Anakitik,@NajwaShihab
896,@_Anakitik,@puanmaharani_ri
897,@6u57104,@KPU_ID
898,@6u57104,@myputun
899,@Rochimsindo,@cakimiNOW
900,@Rochimsindo,@kumparan
901,@Rochimsindo,@prabowo
902,@Komunitas_PAN,@dadangrhs
903,@bajigoerrr,@rmol_id
904,@ridho_alhamdi,@lriumy
905,@ridho_alhamdi,@ditjendikti
906,@MC_Nishidella98,@KPU_ID
907,@budiid,@03__nakula
908,@budiid,@ganjarpranowo
909,@budiid,@BorneoWolf
910,@budiid,@aan_muba
911,@budiid,@DS_yantie
912,@budiid,@erickthohir
913,@budiid,@Aryprasetyo85
914,@budiid,@Dennysiregar7
915,@budiid,@Cah_Beler
916,@budiid,@tb_aank
917,@budiid,@ArdianZA__
918,@n4g4suci,@jpnncom
919,@n4g4suci,@erickthohir
920,@BargoIwan,@jpnncom
921,@MndJaya,@RadioElshinta
922,@aingAhdi,@kelelalay
923,@nachiever81022,@susipudjiastuti
924,@nachiever81022,@jokowi
925,@nachiever81022,@ganjarpranowo
926,@ongmar,@KompasTV
927,@Journaldi,@tribunnews
928,@Journaldi,@ganjarpranowo
929,@tribunnews,@TribunWOW
930,@justinfogarut,@aniesbaswedan
931,@justinfogarut,@puanmaharani_ri
932,@justinfogarut,@ridwankamil
933,@BeritakuKabar,@YouTube
934,@BeritakuKabar,@aniesbaswedan
935,@BeritakuKabar,@Press1DEN
936,@onedayasmine,@greypunch
937,@onedayasmine,@LordCondet
938,@nyapres2024,@aniesbaswedan
939,@nyapres2024,@kebijakananies_
940,@nyapres2024,@Relawananies
941,@nyapres2024,@beritaanies
942,@nyapres2024,@Surya_Paloh
943,@nyapres2024,@kebijakananies
944,@nyapres2024,@NasDem
945,@nyapres2024,@DPPHanura
946,@nyapres2024,@hanurajabar
947,@nyapres2024,@ridwankamil
948,@nyapres2024,@totoizulfatah
949,@nyapres2024,@basuki_btp
950,@nyapres2024,@ganjarist
951,@nyapres2024,@sahabatganjarid
952,@nyapres2024,@viralitasnews
953,@nyapres2024,@ganjarpranowo
954,@nyapres2024,@airlangga_hrt
955,@nyapres2024,@DPPGolkar
956,@nyapres2024,@ZUL_Hasan
957,@nyapres2024,@Official_PAN
958,@nyapres2024,@Gerindra
959,@nyapres2024,@puanmaharani_ri
960,@nyapres2024,@puanmaharaniri
961,@nyapres2024,@msoekarnoputri
962,@nyapres2024,@prabowo
963,@nyapres2024,@PDI_Perjuangan
964,@nyapres2024,@dpdtangsel1
965,@nyapres2024,@relawanmuhaimin
966,@nyapres2024,@FraksiPKB
967,@nyapres2024,@DPP_PKB
968,@nyapres2024,@nasimkhanNKI
969,@nyapres2024,@cakimiNOW
970,@nyapres2024,@SuaraAnies
971,@nyapres2024,@AryaSinulingga
972,@nyapres2024,@erickthohir
973,@nyapres2024,@yennywahid
974,@nyapres2024,@Syahrul_YL
975,@nyapres2024,@Pak_JK
976,@nyapres2024,@PKSMUDAcom
977,@nyapres2024,@FPKSDPRRI
978,@nyapres2024,@salimsegaf
979,@nyapres2024,@PKSejahtera
980,@nyapres2024,@Fraksi_Gerindra
981,@nyapres2024,@AriefPoyu
982,@nyapres2024,@MardaniAliSera
983,@nyapres2024,@susipudjiastuti
984,@nyapres2024,@susicekombak
985,@nyapres2024,@partaigeloraid
986,@nyapres2024,@anismatta
987,@nyapres2024,@gelorajakpus
988,@nyapres2024,@GeloraJkt
989,@nyapres2024,@Fahrihamzah
990,@nyapres2024,@bangzul_ntb
991,@nyapres2024,@na_dirs
992,@nyapres2024,@Rhenald_Kasali
993,@nyapres2024,@AliMasykurMusa
994,@nyapres2024,@ipbofficial
995,@nyapres2024,@tweetIPB
996,@nyapres2024,@RamliRizal
997,@nyapres2024,@ipb_media
998,@nyapres2024,@AlumniIPB
999,@nyapres2024,@arif_satria
1000,@nyapres2024,@SBYudhoyono
1001,@nyapres2024,@AgusYudhoyono
1002,@nyapres2024,@PDemokrat
1003,@nyapres2024,@sandiuno
1004,@nyapres2024,@KhofifahIP
1005,@gardabangsa_smd,@jpnncom
1006,@acep_ansor,@jpnncom
1007,@dipojokistana,@CNNIndonesia
1008,@dipojokistana,@jawapos
1009,@Byk_Mata,@aniesbaswedan
1010,@DudyRudianto,@aniesbaswedan
1011,@ulasan_co,@aniesbaswedan
1012,@ulasan_co,@NasDem
1013,@Apa50Telegram,@Apa50Telegram
1014,@bursa_politik,@erickthohir
1015,@Iwel74,@aniesbaswedan
1016,@Iwel74,@erickthohir
1017,@Iwel74,@ganjarpranowo
1018,@amd_alhidayah,@YouTube
1019,@KasanMulyono,@aniesbaswedan
1020,@KasanMulyono,@ridwankamil
1021,@KasanMulyono,@ganjarpranowo
1022,@AimanWitjaksono,@jokowi
1023,@AimanWitjaksono,@KompasTV
1024,@AimanWitjaksono,@kompascom
1025,@mardini28,@erickthohir
1026,@topnews_media,@ganjarpranowo
1027,@topnews_media,@PartaiGolkar
1028,@BarakataId,@barakata_id
1029,@TGuard31,@SantorinisSun
1030,@TGuard31,@aniesbaswedan
1031,@TGuard31,@_ekokuntadhi
1032,@TGuard31,@RD_4WR1212
1033,@TGuard31,@_LOVE_AG4EVER
1034,@TGuard31,@triajaaa
1035,@TGuard31,@AgusYudhoyono
1036,@TGuard31,@FerdinandHaean3
1037,@TGuard31,@Dennysiregar7
1038,@TGuard31,@jaya_pancasila
1039,@TGuard31,@Maria_Zadina
1040,@TGuard31,@GarengHallu
1041,@Ferdie_Nando,@jokowi
1042,@DJagger17,@Gerindra
1043,@DJagger17,@Don_dasco
1044,@DJagger17,@Fraksi_Gerindra
1045,@DJagger17,@prabowo
1046,@suduttpandang,@NajwaShihab
1047,@suduttpandang,@diansastro_w
1048,@suduttpandang,@TajYasinMZ
1049,@suduttpandang,@AgusYudhoyono
1050,@suduttpandang,@niamsholeh
1051,@suduttpandang,@NicoloMachiave7
1052,@suduttpandang,@EmilDardak
1053,@beritajatimcom,@prabowo
1054,@beritajatimcom,@aniesbaswedan
1055,@beritajatimcom,@puanmaharani_ri
1056,@beritajatimcom,@NataliusPigai2
1057,@beritajatimcom,@airlangga_hrt
1058,@beritajatimcom,@DPP_PKB
1059,@Sang_BanciSunda,@aniesbaswedan
1060,@tokoghoib,@FKadrun
1061,@_independen,@_independen
1062,@budijantosalim,@RamliRizal
1063,@budijantosalim,@aniesbaswedan
1064,@budijantosalim,@prabowo
1065,@virgiovasudeva,@poltracking
1066,@zuanci,@PDI_Perjuangan
1067,@zuanci,@Aareuyan
1068,@Genpi_Co,@ganjarpranowo
1069,@Genpi_Co,@ridwankamil
1070,@Genpi_Co,@prabowo
1071,@Genpi_Co,@sandiuno
1072,@KreatifsultanId,@aniesbaswedan
1073,@KreatifsultanId,@DKIJakarta
1074,@KreatifsultanId,@Official_PAN
1075,@KreatifsultanId,@ridwankamil
1076,@KreatifsultanId,@huguawakatobi
1077,@KreatifsultanId,@DPR_RI
1078,@KreatifsultanId,@KPU_ID
1079,@KreatifsultanId,@jokowi
1080,@KreatifsultanId,@karyonowibowo
1081,@irwan_dwi_a,@cakimiNOW
1082,@WandaAnjani95,@kumparan
1083,@budiwinarno__,@suaramerdeka
1084,@mieayambaso9,@eggisudjana
1085,@senoobahtiar,@kabargolkarnews
1086,@senoobahtiar,@airlangga_hrt
1087,@kabargolkarnews,@airlangga_hrt
1088,@jabarnewss,@prabowo
1089,@jabarnewss,@aniesbaswedan
1090,@jabarnewss,@ridwankamil
1091,@jabarnewss,@PolhukamRI
1092,@radar_malang,@PartaiGolkar
1093,@radar_malang,@PerekonomianRI
1094,@radar_malang,@airlangga_hrt
1095,@wirathink,@ridwankamil
1096,@wirathink,@Dennysiregar7
1097,@BeritaDekhoCom,@jansen_jsp
1098,@BeritaDekhoCom,@faizalassegaf
1099,@BeritaDekhoCom,@hepisantosa
1100,@BeritaDekhoCom,@Yusrilihza_Mhd
1101,@BeritaDekhoCom,@nahdlatululama
1102,@BeritaDekhoCom,@cakimiNOW
1103,@BeritaDekhoCom,@aniesbaswedan
1104,@BeritaDekhoCom,@erickthohir
1105,@BeritaDekhoCom,@PDI_Perjuangan
1106,@BeritaDekhoCom,@msaid_didu
1107,@BeritaDekhoCom,@joelian_stc175
1108,@BeritaDekhoCom,@1975Ichwan
1109,@BeritaDekhoCom,@TofaTofa_id
1110,@BeritaDekhoCom,@hnurwahid
1111,@BeritaDekhoCom,@psi_id
1112,@BeritaDekhoCom,@ReflyHZ
1113,@BeritaDekhoCom,@basuki_btp
1114,@BeritaDekhoCom,@Dennysiregar7
1115,@BeritaDekhoCom,@cokro_tv
1116,@BeritaDekhoCom,@NasDem
1117,@BeritaDekhoCom,@eko_kuntadhi
1118,@BeritaDekhoCom,@DKIJakarta
1119,@BeritaDekhoCom,@DPRD_DKI
1120,@BeritaDekhoCom,@airlangga_hrt
1121,@BeritaDekhoCom,@golkar_id
1122,@BeritaDekhoCom,@jokowi
1123,@BeritaDekhoCom,@PartaiGolkar
1124,@BeritaDekhoCom,@fadlizon
1125,@BeritaDekhoCom,@mohmahfudmd
1126,@BeritaDekhoCom,@Fahrihamzah
1127,@BeritaDekhoCom,@GibranRakabumi
1128,@BeritaDekhoCom,@ustadtengkuzul
1129,@BeritaDekhoCom,@detikcom
1130,@BeritaDekhoCom,@merdekadotcom
1131,@BeritaDekhoCom,@suaradotcom
1132,@BeritaDekhoCom,@ChartaPolitika
1133,@BeritaDekhoCom,@prabowo
1134,@BeritaDekhoCom,@ganjarpranowo
1135,@BeritaDekhoCom,@MuhammadRahmad
1136,@BeritaDekhoCom,@gapailangit
1137,@BeritaDekhoCom,@PMoestazam
1138,@BeritaDekhoCom,@jancukvid
1139,@BeritaDekhoCom,@Nurdin29626135
1140,@BeritaDekhoCom,@LenjelMelah
1141,@BeritaDekhoCom,@jr_kw19
1142,@BeritaDekhoCom,@Mahrus30127858
1143,@BeritaDekhoCom,@kanyaaputriii
1144,@BeritaDekhoCom,@triwul82
1145,@BeritaDekhoCom,@Paltiwest
1146,@BeritaDekhoCom,@AirinAirin_NZ
1147,@BeritaDekhoCom,@lsmspt
1148,@BeritaDekhoCom,@fendidarmono
1149,@BeritaDekhoCom,@qzruh_jogja
1150,@BeritaDekhoCom,@PolitrikBelajar
1151,@BeritaDekhoCom,@Jokmin2020
1152,@BeritaDekhoCom,@SabilTahda
1153,@BeritaDekhoCom,@tiara_selecta
1154,@BeritaDekhoCom,@makibao_indo
1155,@BeritaDekhoCom,@AriestaRiico_
1156,@BeritaDekhoCom,@zarazettirazr
1157,@BeritaDekhoCom,@PbbAceh
1158,@BeritaDekhoCom,@djalil_sofyan
1159,@BeritaDekhoCom,@Nasirdjamil
1160,@BeritaDekhoCom,@SumardiEvulae
1161,@BeritaDekhoCom,@atjehsultanate
1162,@BeritaDekhoCom,@nasirdjamilaceh
1163,@BeritaDekhoCom,@budiarto689
1164,@BeritaDekhoCom,@Lembayung071
1165,@BeritaDekhoCom,@fahiraidris
1166,@BeritaDekhoCom,@AnggitaManohara
1167,@BeritaDekhoCom,@kapitraampera
1168,@BeritaDekhoCom,@budimandjatmiko
1169,@BeritaDekhoCom,@yusuf_dumdum
1170,@BeritaDekhoCom,@BurhanSaidi
1171,@BeritaDekhoCom,@tifsembiring
1172,@BeritaDekhoCom,@LuhutPandjaitan
1173,@BeritaDekhoCom,@dektampu
1174,@BeritaDekhoCom,@haikal_hassan
1175,@BeritaDekhoCom,@ridwankamil
1176,@BeritaDekhoCom,@Raj4Purwa
1177,@BeritaDekhoCom,@DukeCondet
1178,@BeritaDekhoCom,@EmilDardak
1179,@BeritaDekhoCom,@Edhie_Baskoro
1180,@BeritaDekhoCom,@AgusYudhoyono
1181,@BeritaDekhoCom,@AHYCenter
1182,@BeritaDekhoCom,@bangyurikemal
1183,@BeritaDekhoCom,@PKSejahtera
1184,@BeritaDekhoCom,@DPP_PKB
1185,@BeritaDekhoCom,@Kiyai_MarufAmin
1186,@BeritaDekhoCom,@PDemokrat
1187,@BeritaDekhoCom,@kurawa
1188,@BeritaDekhoCom,@acehasan76
1189,@BeritaDekhoCom,@MoctharAli
1190,@BeritaDekhoCom,@bambangsoesatyo
1191,@BeritaDekhoCom,@DpwPbb
1192,@BeritaDekhoCom,@fathonianton01
1193,@BeritaDekhoCom,@DPWPBBJABAR
1194,@BeritaDekhoCom,@dpwpbbjateng
1195,@BeritaDekhoCom,@OfficialDPP_PBB
1196,@BeritaDekhoCom,@aniesbaswedanblm
1197,@BeritaDekhoCom,@sh_busman
1198,@BeritaDekhoCom,@DPWPBBBENGKULU
1199,@BeritaDekhoCom,@CyberBrihiz
1200,@RekanAnies,@aniesbaswedan
1201,@JubirHansip,@ridwankamil
1202,@JubirHansip,@ganjarpranowo
1203,@JubirHansip,@aniesbaswedan
1204,@teraju_id,@aniesbaswedan
1205,@teraju_id,@ganjarpranowo
1206,@iruv_veldy,@gibran_tweet
1207,@iruv_veldy,@aniesbaswedan
1208,@gita_syafri,@detikcom
1209,@gita_syafri,@kompascom
1210,@Angga58970495,@aniesbaswedan
1211,@Lamedle12,@geloraco
1212,@UkhrowiMuhammad,@cakiminow
1213,@UkhrowiMuhammad,@dpwpkbjatim
1214,@UkhrowiMuhammad,@dpp_pkb
1215,@UkhrowiMuhammad,@pkb_malang
1216,@UkhrowiMuhammad,@gardabangsaa
1217,@UkhrowiMuhammad,@bad_badrowi
1218,@UkhrowiMuhammad,@jokowi
1219,@UkhrowiMuhammad,@pkbmalang
1220,@UkhrowiMuhammad,@timenpkbjatim
1221,@wintersplash_,@siwonchoi
1222,@KuretaID,@aniesbaswedan
1223,@MarKos_Akbar,@aniesbaswedan
1224,@MarKos_Akbar,@Reiza_Patters
1225,@sigijatengmedia,@SigiJateng
1226,@phii_khun,@hibooran
1227,@JodiPurnama7,@republikaonline
1228,@JodiPurnama7,@KompasTV
1229,@mharmono1,@Z__umari
1230,@mharmono1,@dikyseptian_
1231,@mharmono1,@IlhamIR__
1232,@YudiNKRI,@narkosun
1233,@faisalramdani23,@DPR_RI
1234,@Riatopan88,@AHYS14P
1235,@Riatopan88,@AgusYudhoyono
1236,@sujudiasta,@PDI_Perjuangan
1237,@sujudiasta,@adearmando1
1238,@sujudiasta,@ganjarpranowo
1239,@wwo4nthony,@rmol_id
1240,@wwo4nthony,@PDI_Perjuangan
1241,@wwo4nthony,@aniesbaswedan
1242,@wwo4nthony,@AgusYudhoyono
1243,@wwo4nthony,@PDemokrat
1244,@wwo4nthony,@prabowo
1245,@wwo4nthony,@sandiuno
1246,@wwo4nthony,@UiUkom
1247,@futuristic889,@weebly
1248,@futuristic889,@YouTube
1249,@WonogiriPkb,@YouTube
1250,@kirkadotco,@Andiarief__
1251,@kirkadotco,@PDemokrat
1252,@kirkadotco,@AgusYudhoyono
1253,@IdealisSang,@msaid_didu
1254,@IdealisSang,@RamliRizal
1255,@IdealisSang,@ReflyHZ
1256,@IdealisSang,@TeddyGusnaidi
1257,@IdealisSang,@Hilmi28
1258,@IdealisSang,@yusuf_dumdum
1259,@IdealisSang,@ganjarpranowo
1260,@IdealisSang,@sudirmansaid
1261,@epicentrum_news,@airlangga_hrt
1262,@epicentrum_news,@PKSejahtera
1263,@zuraidbima,@aniesbaswedan
1264,@zuraidbima,@ganjarpranowo
1265,@gwk555,@basuki_btp
1266,@gwk555,@jokowi
1267,@pkbkalbarat,@cakimiNOW
1268,@jetsilvers,@sandiuno
1269,@jetsilvers,@puan_maharani
1270,@jetsilvers,@AgusYudhoyono
1271,@jetsilvers,@ridwankamil
1272,@Bayu_Triatmaja,@PKSejahtera
1273,@Bayu_Triatmaja,@satriohendri
1274,@Bayu_Triatmaja,@Muzzammil_Yusuf
1275,@Bayu_Triatmaja,@Gamal_Albinsaid
1276,@Bayu_Triatmaja,@BurhanMuhtadi
1277,@Bayu_Triatmaja,@hnurwahid
1278,@Bayu_Triatmaja,@msi_sohibuliman
1279,@Bayu_Triatmaja,@aboebakar15
1280,@Bayu_Triatmaja,@syaikhu_ahmad
1281,@Bayu_Triatmaja,@JazuliJuwaini
1282,@Bayu_Triatmaja,@MardaniAliSera
1283,@Bayu_Triatmaja,@suswono
1284,@Bayu_Triatmaja,@salimsegaf
1285,@Bayu_Triatmaja,@irwanprayitno
1286,@Bayu_Triatmaja,@tifsembiring
1287,@Bayu_Triatmaja,@bangzul_ntb
1288,@Bayu_Triatmaja,@aheryawan
1289,@Bayu_Triatmaja,@suharnas
1290,@last_angler,@hariankompas
1291,@ivankavalera,@saifulmujani
1292,@ivankavalera,@ganjarpranowo
1293,@franciscowillki,@jpnncom
1294,@yuhu_yuhu2018,@aniesbaswedan
1295,@yuhu_yuhu2018,@PKSejahtera
1296,@yuhu_yuhu2018,@NasDem
1297,@yuhu_yuhu2018,@ridwankamil
1298,@yuhu_yuhu2018,@ganjarpranowo
1299,@yuhu_yuhu2018,@PDI_Perjuangan
1300,@yuhu_yuhu2018,@AgusYudhoyono
1301,@yuhu_yuhu2018,@prabowo
1302,@UM_akhsan,@republikaonline
1303,@UM_akhsan,@geloraco
1304,@UM_akhsan,@BadutPolitikus
1305,@UM_akhsan,@sophia_indah
1306,@UM_akhsan,@news_benz
1307,@kikidoanc,@aniesbaswedan
1308,@IndonesiaToda12,@MegawatiSoekarnoputri
1309,@IndonesiaToda12,@prabowo
1310,@IndonesiaToda12,@FerdinandHaean3
1311,@OfficialiNewsTV,@ridwankamil
1312,@OfficialiNewsTV,@PDI_Perjuangan
1313,@OfficialiNewsTV,@aniesbaswedan
1314,@OfficialiNewsTV,@EffendiSimbolon
1315,@OfficialiNewsTV,@ganjarpranowo
1316,@OfficialiNewsTV,@PartaiPKS
1317,@OfficialiNewsTV,@Jokowi
1318,@OfficialiNewsTV,@jokowi
1319,@inewsdotid,@ridwankamil
1320,@YakobusEko5,@PDI_Perjuangan
1321,@YakobusEko5,@jokowi
1322,@YakobusEko5,@ganjarpranowo
1323,@purna_warman,@Rio_Ramabaskara
1324,@purna_warman,@jokowi
1325,@purna_warman,@ganjarpranowo
1326,@purna_warman,@66Hasto
1327,@purna_warman,@KanalntbO
1328,@purna_warman,@PDI_Perjuangan
1329,@purna_warman,@suryadelalu
1330,@tribuntimur,@tribuntimur
1331,@JambiDinamika,@prabowo
1332,@IMutakir,@cakimiNOW
1333,@IMutakir,@Mdy_Asmara1701
1334,@IMutakir,@beritakeren2015
1335,@IMutakir,@AniesBaswedan
1336,@nur7uned,@CNNIndonesia
1337,@nur7uned,@kompascom
1338,@HJulkifliMarbun,@ZUL_Hasan
1339,@HJulkifliMarbun,@cakimiNOW
1340,@HJulkifliMarbun,@aniesbaswedan
1341,@HJulkifliMarbun,@AgusYudhoyono
1342,@HJulkifliMarbun,@ridwankamil
1343,@HJulkifliMarbun,@ganjarpranowo
1344,@HJulkifliMarbun,@AHMADSYAIKHU8
1345,@HJulkifliMarbun,@RevMen2u
1346,@HJulkifliMarbun,@PKSejahtera
1347,@HJulkifliMarbun,@KPU_ID
1348,@HJulkifliMarbun,@tifsembiring
1349,@HJulkifliMarbun,@BersamaSahabat4
1350,@HJulkifliMarbun,@FPKSDPRRI
1351,@HJulkifliMarbun,@MardaniAliSera
1352,@HJulkifliMarbun,@KNPIMediaCentre
1353,@HJulkifliMarbun,@Dennysiregar7
1354,@HJulkifliMarbun,@Pilpres20241
1355,@HJulkifliMarbun,@knpiharis
1356,@HJulkifliMarbun,@Pemilu20241
1357,@HJulkifliMarbun,@himnk3
1358,@HJulkifliMarbun,@NasDem
1359,@HJulkifliMarbun,@IMutakir
1360,@HJulkifliMarbun,@Hamim_Ortega
1361,@HJulkifliMarbun,@in_makiy
1362,@HJulkifliMarbun,@susipudjiastuti
1363,@HJulkifliMarbun,@noveltomi
1364,@HJulkifliMarbun,@syamsuhidayat
1365,@HJulkifliMarbun,@Hafidz_Jan
1366,@HJulkifliMarbun,@erickthohir
1367,@HJulkifliMarbun,@IndonesiaGaruda
1368,@HJulkifliMarbun,@mbahboyo007
1369,@HJulkifliMarbun,@yennywahid
1370,@HJulkifliMarbun,@TofaTofa_id
1371,@HJulkifliMarbun,@PintarPolitik
1372,@HJulkifliMarbun,@DPP_PartaiUmmat
1373,@HJulkifliMarbun,@majalahtabligh
1374,@HJulkifliMarbun,@na_dirs
1375,@HJulkifliMarbun,@ide2nesia
1376,@HJulkifliMarbun,@yusuf_dumdum
1377,@HJulkifliMarbun,@Saiful38653471
1378,@HJulkifliMarbun,@JimlyAs
1379,@HJulkifliMarbun,@Fahrihamzah
1380,@HJulkifliMarbun,@DPR_RI
1381,@HJulkifliMarbun,@Gaknyerah____
1382,@HJulkifliMarbun,@PARTAIGELORA_ID
1383,@HJulkifliMarbun,@LSI_Lembaga
1384,@HJulkifliMarbun,@golkar_id
1385,@HJulkifliMarbun,@indobarometer
1386,@HJulkifliMarbun,@airlangga_hrt
1387,@HJulkifliMarbun,@PolhukamRI
1388,@HJulkifliMarbun,@OfficialDPP_PBB
1389,@HJulkifliMarbun,@Fraksi_PAN
1390,@HJulkifliMarbun,@officialMKRI
1391,@HJulkifliMarbun,@mprgoid
1392,@HJulkifliMarbun,@kemendagri
1393,@HJulkifliMarbun,@DPDRI
1394,@HJulkifliMarbun,@faisalsalim861
1395,@HJulkifliMarbun,@ALAMIN40232044
1396,@HJulkifliMarbun,@VIVAcoid
1397,@HJulkifliMarbun,@haikal_hassan
1398,@HJulkifliMarbun,@ustadtengkuzul
1399,@HJulkifliMarbun,@gnpfulama_sumut
1400,@HJulkifliMarbun,@GNPF_Ulama
1401,@HJulkifliMarbun,@Masyumi_Reborn
1402,@HJulkifliMarbun,@PDIPerjuangan
1403,@HJulkifliMarbun,@GNPF_MUI
1404,@HJulkifliMarbun,@BonnieTriyana
1405,@HJulkifliMarbun,@Dahnilanzar
1406,@HJulkifliMarbun,@AntoniRaja
1407,@HJulkifliMarbun,@msaid_didu
1408,@HJulkifliMarbun,@SumardiEvulae
1409,@HJulkifliMarbun,@SuaraAnies
1410,@HJulkifliMarbun,@GunRomli
1411,@HJulkifliMarbun,@DukeCondet
1412,@HJulkifliMarbun,@BurhanSaidi
1413,@HJulkifliMarbun,@pbb2024
1414,@HJulkifliMarbun,@aniesupdatenews
1415,@HJulkifliMarbun,@EfendiGhazali
1416,@HJulkifliMarbun,@zarazettirazr
1417,@HJulkifliMarbun,@arifinzulida
1418,@HJulkifliMarbun,@DpcJaksel
1419,@HJulkifliMarbun,@jokowi
1420,@HJulkifliMarbun,@ChartaPolitika
1421,@HJulkifliMarbun,@CyberBrihiz
1422,@HJulkifliMarbun,@sl_pure
1423,@HJulkifliMarbun,@Yusrilihza_Mhd
1424,@HJulkifliMarbun,@kumparan
1425,@HJulkifliMarbun,@wartapoLitik
1426,@HJulkifliMarbun,@detikcom
1427,@HJulkifliMarbun,@ZakyCahyadi
1428,@HJulkifliMarbun,@IndoBarometer_
1429,@HJulkifliMarbun,@TirtoID
1430,@HJulkifliMarbun,@BurhanMuhtadi
1431,@HJulkifliMarbun,@Kiyai_MarufAmin
1432,@HJulkifliMarbun,@masrur_anhar
1433,@HJulkifliMarbun,@SukmoHarsono
1434,@HJulkifliMarbun,@Ajuansyah_putra
1435,@HJulkifliMarbun,@GeneralMoeldoko
1436,@HJulkifliMarbun,@gresnewsdotcom
1437,@HJulkifliMarbun,@DivHumas_Polri
1438,@HJulkifliMarbun,@karniilyas
1439,@id_tagar,@GanjarPranowo
1440,@id_tagar,@YouTube
1441,@id_tagar,@PDI_Perjuangan
1442,@sulistiawan_rd,@smindrawati
1443,@sulistiawan_rd,@ganjarpranowo
1444,@emojiuser,@KompasTV
1445,@icatwps,@renandabachtar
1446,@icatwps,@SBYudhoyono
1447,@icatwps,@Mega_Wati_
1448,@icatwps,@PDI_Perjuangan
1449,@icatwps,@PDemokrat
1450,@icatwps,@aniesbaswedan
1451,@icatwps,@Masinton
1452,@icatwps,@budimandjatmiko
1453,@icatwps,@megainstitute
1454,@icatwps,@pramonoanung
1455,@icatwps,@puanmaharaniri
1456,@icatwps,@PutraNababan
1457,@icatwps,@tjahjo_kumolo
1458,@icatwps,@DennyJA_WORLD
1459,@icatwps,@ganjarpranowo
1460,@icatwps,@Dennysiregar7
1461,@icatwps,@GunturPuti
1462,@icatwps,@NasDem
1463,@icatwps,@Maruarar_Sirait
1464,@icatwps,@PDIP_Perjuangan
1465,@icatwps,@jokowi
1466,@ButarbutarToga1,@aniesbaswedan
1467,@asmath_10,@YouTube
1468,@banghajisyarief,@aniesbaswedan
1469,@Tuguikan,@Dennysiregar7
1470,@Tuguikan,@AnakKolong_
1471,@Tuguikan,@To_welly
1472,@karyawantree,@manuskele
1473,@jeremisery,@DPP_PKB
1474,@jeremisery,@cakimiNOW
1475,@jeremisery,@ganjarpranowo
1476,@Coolrudi1,@PDI_Perjuangan
1477,@Coolrudi1,@ChusnulCh__
1478,@Coolrudi1,@ganjarpranowo
1479,@tati_kikifadi,@PDI_Perjuangan
1480,@tati_kikifadi,@ganjarpranowo
1481,@YossieYossie1,@rmol_id
1482,@YossieYossie1,@KemenBUMN
1483,@YossieYossie1,@bawaslu_RI
1484,@YossieYossie1,@DPR_RI
1485,@YossieYossie1,@jokowi
1486,@YossieYossie1,@KPU_ID
1487,@YossieYossie1,@KetumProDEM
1488,@YossieYossie1,@KemenkesRI
1489,@YossieYossie1,@KPK_RI
1490,@BangUmar_,@SaveAlAqsa
1491,@BangUmar_,@aniesbaswedan
1492,@BangUmar_,@beritaminangcom
1493,@BangUmar_,@mahyeldi_sp
1494,@MurusTunjunk,@aniesbaswedan
1495,@MurusTunjunk,@FaGtng
1496,@MedanJurnal,@SeputarAHY
1497,@MedanJurnal,@aniesbaswedan
1498,@MedanJurnal,@KabarPD
1499,@MedanJurnal,@AgusYudhoyono
1500,@MedanJurnal,@PDemokrat
1501,@MedanJurnal,@Andiarief__
1502,@MedanJurnal,@jansen_jsp
1503,@MedanJurnal,@hnurwahid
1504,@MedanJurnal,@PKSejahtera
1505,@MedanJurnal,@TeddyGusnaidi
1506,@MedanJurnal,@MardaniAliSera
1507,@MedanJurnal,@PartaiGolkar
1508,@Apede16,@Yang_Moelia
1509,@Apede16,@HukumDan
1510,@Apede16,@Ya2nArifinYakub
1511,@Apede16,@ganjarpranowo
1512,@pinterpolitik,@jokowi
1513,@pinterpolitik,@prabowo
1514,@pinterpolitik,@erickthohir
1515,@pinterpolitik,@aniesbaswedan
1516,@pinterpolitik,@basuki_btp
1517,@cisa_official,@aniesbaswedan
1518,@cisa_official,@Humas_DKI
1519,@cisa_official,@DKIJakarta
1520,@wartatasikcom,@nuchannels
1521,@wartatasikcom,@pmiitasikmalaya
1522,@wartatasikcom,@sahabatwahid
1523,@wartatasikcom,@DPP_PKB
1524,@wartatasikcom,@Lakpesdam_PBNU
1525,@wartatasikcom,@nahdlatululama
1526,@DRadjikin,@jpnncom
1527,@mnctrijayafmsmg,@margisyarif
1528,@newsurban_id,@Jokowi
1529,@newsurban_id,@PDIP_Perjuangan
1530,@slowwiinne,@dsuperboy
1531,@AlaydHusein,@ganjarpranowo
1532,@Mar33Cj,@jpnncom
1533,@emilioproject,@susipudjiastuti
1534,@emilioproject,@aniesbaswedan
1535,@emilioproject,@detikcom
1536,@emilioproject,@Metro_TV
1537,@emilioproject,@kompascom
1538,@emilioproject,@KompasTV
1539,@emilioproject,@korantempo
1540,@emilioproject,@tempodotco
1541,@PelancongTua,@Gerindra
1542,@PelancongTua,@Dr_Moeldoko
1543,@PelancongTua,@jokowi
1544,@PelancongTua,@PartaiGolkar
1545,@PelancongTua,@tempodotco
1546,@PelancongTua,@PkbDpp
1547,@PelancongTua,@TirtoID
1548,@PelancongTua,@KemensetnegRI
1549,@PelancongTua,@PDemokrat
1550,@PelancongTua,@NasDem
1551,@PelancongTua,@aniesbaswedan
1552,@FiitRachmawati,@SBYudhoyono
1553,@FiitRachmawati,@DemokratJabar
1554,@FiitRachmawati,@AgusYudhoyono
1555,@FiitRachmawati,@PDemokrat
1556,@Pejuang01733866,@jpnncom
1557,@_Banyoe,@rmol_id
1558,@arthurvilmon,@SofuanGusti
1559,@aprialdyprayoga,@pinterpolitik
1560,@hanahanifahlagi,@radamuhucom
1561,@Marsell_Wawo,@jpnncom
1562,@Minietweets_,@ridwankamil
1563,@Minietweets_,@aniesbaswedan
1564,@Minietweets_,@RelawanUMKM
1565,@Minietweets_,@AnakKolong_
1566,@djidot,@mohmahfudmd
1567,@djidot,@Rosianna766Hi
1568,@djidot,@psi_id
1569,@djidot,@KPU_ID
1570,@djidot,@PramonoUtan
1571,@djidot,@mas_abudiman
1572,@djidot,@cokro_tv
1573,@djidot,@novida_evi
1574,@djidot,@kemendagri
1575,@djidot,@hsym_asyari
1576,@djidot,@viryanazis
1577,@djidot,@AimanWitjaksono
1578,@not_respect,@fadlizon
1579,@ArifSyamsulHud2,@NikitaMirzani
1580,@MAJALAH_GATRA,@aniesbaswedan
1581,@MAJALAH_GATRA,@DKIJakarta
1582,@MAJALAH_GATRA,@ridwankamil
1583,@MAJALAH_GATRA,@Gerindra
1584,@MAJALAH_GATRA,@prabowo
1585,@MAJALAH_GATRA,@ganjarpranowo
1586,@MAJALAH_GATRA,@PDemokrat
1587,@MAJALAH_GATRA,@PKSejahtera
1588,@americanoes,@gasprass
1589,@americanoes,@Ratnadapp98
1590,@HenryJ4ck,@EmmanuelMacron
1591,@HenryJ4ck,@FranceJakartaID
1592,@HenryJ4ck,@jokowi
1593,@Afidzrezpec,@detikcom
1594,@mrridhomanurung,@detikcom
1595,@netralnews,@ReflyHZ
1596,@saeabdi,@jokowi
1597,@saeabdi,@Prabowosubianto
1598,@antaz345,@Reiza_Patters
1599,@antaz345,@kebijakananies_
1600,@antaz345,@SuaraAnies
1601,@antaz345,@AndiAngger
1602,@antaz345,@sahabatanies_
1603,@antaz345,@arjobardian
1604,@antaz345,@marlina_idha
1605,@antaz345,@GeiszChalifah
1606,@Fbrianshptr2,@TirtoID
1607,@Fbrianshptr2,@rachma_die
1608,@LanggamID,@giringganesha
1609,@berdikaritalks,@berdikaritalks
1610,@tiandanoe,@Bucinpil
1611,@FathraNazrul,@aniesbaswedan
1612,@FathraNazrul,@basuki_btp
1613,@FathraNazrul,@JimlyAs
1614,@FathraNazrul,@prabowo
1615,@FathraNazrul,@pangisyarwi1
1616,@teatalua,@kompasiana
1617,@teatalua,@kompascom
1618,@AristaMikha,@Demokrat_TV
1619,@uyabvsbayu,@susipudjiastuti
1620,@KakiPetung,@mas__piyuuu
1621,@Mas_Fri,@mas__piyuuu
1622,@Emir_Rakan,@Namaku_Anisa
1623,@Emir_Rakan,@sandiuno
1624,@ARD_805,@susipudjiastuti
1625,@ARD_805,@aniesbaswedan
1626,@ARD_805,@erickthohir
1627,@ARD_805,@ABDULRANIRASJ11
1628,@ARD_805,@ganjarpranowo
1629,@ARD_805,@abdelachrian
1630,@ARD_805,@Abdulranirasj13
1631,@LJingga23,@ganjarpranowo
1632,@LJingga23,@ridwankamil
1633,@wineajthepooh,@siwonchoi
1634,@Penjaga_NKRI,@AniesBaswedan
1635,@raymond_frans,@GoogleNews
1636,@tr1asjb,@jpnncom
1637,@pbb2024,@aniesbaswedan
1638,@pbb2024,@BurhanSaidi
1639,@pbb2024,@Kombas3
1640,@pbb2024,@DpcJaksel
1641,@pbb2024,@OfficialDPP_PBB
1642,@pbb2024,@jokowi
1643,@pbb2024,@masrur_anhar
1644,@pbb2024,@ZakyCahyadi
1645,@pbb2024,@Ajuansyah_putra
1646,@pbb2024,@SukmoHarsono
1647,@pbb2024,@GeneralMoeldoko
1648,@pbb2024,@Kiyai_MarufAmin
1649,@pbb2024,@CyberBrihiz
1650,@LaeTugiman,@Parapat_Nixon
1651,@LaeTugiman,@mohmahfudmd
1652,@LaeTugiman,@jokowi
1653,@MoodutoRidwan,@MEDGO
1654,@heloborneo,@aniesbaswedan
1655,@heloborneo,@prabowo
1656,@dov_Now,@NasDem
1657,@kasehsaulmouk,@jpnncom
1658,@indonesiaaemas,@indonesiaemas
1659,@indonesiaaemas,@pascaindomaju
1660,@indonesiaaemas,@indonesiauggul
1661,@indonesiaaemas,@sandiuno
1662,@indonesiaaemas,@Followe
1663,@taufikcokklat1,@jpnncom
1664,@MaksimusRamses,@jpnncom
1665,@RajabYr,@mas__piyuuu
1666,@RajabYr,@aniesbaswedan
1667,@RajabYr,@sandiuno
1668,@achmad_taher,@Gerindra
1669,@achmad_taher,@prabowo
1670,@achmad_taher,@elHurryKoRn
1671,@kisutt_,@bisdedie
1672,@Aztrans_Yogya,@965269531KLBg33
1673,@Aztrans_Yogya,@aniesbaswedan
1674,@Aztrans_Yogya,@ridwankamil
1675,@Aztrans_Yogya,@ganjarpranowo
1676,@Aztrans_Yogya,@PutryCatlovers
1677,@RuslanTambak,@Gerindra
1678,@RuslanTambak,@AHMADDHANIPRAST
1679,@RuslanTambak,@prabowo
1680,@EFaridaD,@MediaArahkita
1681,@Wakanda86503767,@aniesbaswedan
1682,@Wakanda86503767,@nasdemjakpus
1683,@Wakanda86503767,@nasdem_jabar
1684,@Wakanda86503767,@PemudaNasDem
1685,@Wakanda86503767,@ABN_NasDem
1686,@Wakanda86503767,@DPWNasDemDKI
1687,@Wakanda86503767,@nasdem_dpwjabar
1688,@Wakanda86503767,@NasDem
1689,@Wakanda86503767,@DKIJakarta
1690,@Wakanda86503767,@gpnasdem
1691,@Wakanda86503767,@jokowi
1692,@Wakanda86503767,@prabowo
1693,@Wakanda86503767,@sandiuno
1694,@__SudutPandang,@aniesbaswedan
1695,@Sinatra_Z,@SyedSaddiq
1696,@Sinatra_Z,@sandiuno
1697,@akuratco,@RustamIbrahim
1698,@SelularID,@selularid
1699,@dvfirmansyah94,@DPR_RI
1700,@dvfirmansyah94,@SBYudhoyono
1701,@dvfirmansyah94,@AgusYudhoyono
1702,@dvfirmansyah94,@hincapandjaitan
1703,@dvfirmansyah94,@FPD_DPR
1704,@dvfirmansyah94,@PDemokrat
1705,@media_arahkita,@MediaArahkita
1706,@OnlyOnesia,@M4z____Bim415
1707,@ismoyosakti,@puan_maharani
1708,@ismoyosakti,@aniesbaswedan
1709,@ismoyosakti,@sandiuno
1710,@ismoyosakti,@pranandapaloh
1711,@ismoyosakti,@pranandaprabowo
1712,@ismoyosakti,@prabowo
1713,@ismoyosakti,@megawati
1714,@ismoyosakti,@Suryapaloh
1715,@ismoyosakti,@AgusYudhoyono
1716,@Muis____,@aniesbaswedan
1717,@Muis____,@NasDem
1718,@Muis____,@Gerindra
1719,@Muis____,@BarisanOposisi
1720,@Muis____,@Ronnie_Rusli
1721,@bgoodjonii,@haikal_hassan
1722,@bgoodjonii,@CCICPolri
1723,@bgoodjonii,@KSPgoid
1724,@bgoodjonii,@jokowi
1725,@meazzurri,@aniesbaswedan
1726,@meazzurri,@IsmanTengku
1727,@IsmanTengku,@aniesbaswedan
1728,@s4TR1a_sh,@sandiuno
1729,@krisbudihardjo,@puan_maharani
1730,@krisbudihardjo,@prabowo
1731,@mas_riszky,@ganjarpranowo
1732,@mas_riszky,@ridwankamil
1733,@mas_riszky,@jokowi
1734,@GunawanTangjung,@ridwankamil
1735,@GunawanTangjung,@ganjarpranowo
1736,@PutriHamdani7,@ridwankamil
1737,@newsnormals,@Kemdikbud_RI
1738,@newsnormals,@detikcom
1739,@newsnormals,@kompascom
1740,@newsnormals,@ridwankamil
1741,@newsnormals,@KompasData
1742,@newsnormals,@pirateparty_ID
1743,@newsnormals,@ganjarpranowo
1744,@UusRsd,@Yusrilihza_Mhd
1745,@klemudan,@aniesbaswedan
1746,@klemudan,@ganjarpranowo
1747,@emakgedobrak,@kompascom
1748,@emakgedobrak,@detikcom
1749,@emakgedobrak,@kompasiana
1750,@NewsToday_ID,@aniesbaswedan
1751,@store_everyday,@hnurwahid
1752,@store_everyday,@AndiArief__
1753,@store_everyday,@PDemokrat
1754,@Upik1610,@tempodotco
1755,@afzanisme,@maman1965
1756,@bob_bay,@bawaslu_RI
1757,@bob_bay,@aceproject_org
1758,@bob_bay,@DPR_RI
1759,@bob_bay,@Harisaritonang
1760,@bob_bay,@AkunTofa
1761,@bob_bay,@KIPusat
1762,@bob_bay,@DDNewsLive
1763,@bob_bay,@HillaryClinton
1764,@bob_bay,@DivHumasHansip
1765,@bob_bay,@RestyCayah
1766,@bob_bay,@Muslim_Bersatu1
1767,@bob_bay,@jack
1768,@bob_bay,@muhammadiyah
1769,@bob_bay,@Yusrilihza_Mhd
1770,@bob_bay,@karniilyas
1771,@bob_bay,@realDonaldTrump
1772,@bob_bay,@Twitter
1773,@bob_bay,@PIBHindi
1774,@bob_bay,@NetizenTofa
1775,@bob_bay,@HusniKamilManik
1776,@bob_bay,@PIB_India
1777,@bob_bay,@PTI_News
1778,@bob_bay,@bpkri
1779,@bob_bay,@kospirasiglobal
1780,@bob_bay,@tvOneNews
1781,@bob_bay,@IRIglobal
1782,@bob_bay,@AJEnglish
1783,@bob_bay,@KPU_ID
1784,@bob_bay,@hanumrais
1785,@bob_bay,@sudirmansaid
1786,@bob_bay,@MarwanBatubara
1787,@bob_bay,@Fahrihamzah
1788,@bob_bay,@osce_odihr
1789,@bob_bay,@ECISVEEP
1790,@bob_bay,@facebook
1791,@bob_bay,@ZaitunRasmin
1792,@bob_bay,@fahiraidris
1793,@bob_bay,@SBYudhoyono
1794,@bob_bay,@IreneViena
1795,@bob_bay,@HukumDan
1796,@bob_bay,@Iwanpiliang7
1797,@bob_bay,@fadlizon
1798,@bob_bay,@opposite6890
1799,@bob_bay,@prasarbharati
1800,@bob_bay,@DDNational
1801,@bob_bay,@prabowo
1802,@bob_bay,@MIB_India
1803,@bob_bay,@randizuckerberg
1804,@bob_bay,@mahendradatta
1805,@bob_bay,@PACE_News
1806,@bob_bay,@TIME
1807,@bob_bay,@MayWongCNA
1808,@bob_bay,@musniumar
1809,@bob_bay,@ashoswai
1810,@bob_bay,@narendramodi
1811,@bob_bay,@SaffronWatch
1812,@bob_bay,@hnurwahid
1813,@bob_bay,@estiningsihdwi
1814,@bob_bay,@RahulGandhi
1815,@bob_bay,@aniesbaswedan
1816,@bob_bay,@MbahUyok
1817,@bob_bay,@KPU_RI
1818,@bob_bay,@BDUTT
1819,@bob_bay,@KPK_RI
1820,@mr_abcx,@_haye_
1821,@ademadem119,@sandiuno
1822,@ademadem119,@ridwankamil
1823,@nonigustami,@TsamaraDKI
1824,@nonigustami,@psi_id
1825,@kokooq,@pangeransiahaan
1826,@gims_24,@sandiuno
1827,@KohcengOren,@kurawa
1828,@KohcengOren,@habiburokhman
1829,@KohcengOren,@AkunTofa
1830,@KohcengOren,@permadiaktivis
1831,@KohcengOren,@AndiArief__
1832,@KohcengOren,@rockygerung
1833,@KohcengOren,@wakilgubernurKW
1834,@KohcengOren,@fadlizon
1835,@KohcengOren,@yunartowijaya
1836,@KohcengOren,@FaldoMaldini
1837,@KohcengOren,@prabowo
1838,@KohcengOren,@Dennysiregar7
1839,@KohcengOren,@dr_tompi
1840,@KohcengOren,@makLambeTurah
1841,@KohcengOren,@Fahrihamzah
1842,@pendekar_silat,@tribunnews
1843,@LowFreqTrading,@doktermarket
1844,@LowFreqTrading,@ridwankamil
1845,@LowFreqTrading,@PDemokrat
1846,@LowFreqTrading,@sandiuno
1847,@mr_supiansyah,@stevanihuangg
1848,@mr_supiansyah,@AdvokatBS
1849,@mr_supiansyah,@eae18
1850,@RevaSirad,@mohmahfudmd
1851,@akuikieko,@argarinidevi
1852,@akuikieko,@kaesangp
1853,@akuikieko,@aniesbaswedan
1854,@akuikieko,@puan_maharani
1855,@akuikieko,@Yusrilihza_Mhd
1856,@akuikieko,@sandiuno
1857,@akuikieko,@KhofifahIP
1858,@akuikieko,@ridwankamil
1859,@akuikieko,@cakimiNOW
1860,@akuikieko,@Ahok
1861,@akuikieko,@AzwarAnas_A3
1862,@akuikieko,@AgusYudhoyono
1863,@akuikieko,@ganjarpranowo
1864,@akuikieko,@mohmahfudmd
1865,@trisetyarso,@ridwankamil
1866,@trisetyarso,@rockygerung
1867,@trisetyarso,@therealdiansast
1868,@trisetyarso,@budimandjatmiko
1869,@ggetzy,@erickthohir
1870,@ggetzy,@Erick_Thohir
1871,@Jelantik5,@PartaiDemokrat
1872,@shoim_,@kompascom
1873,@poliklitikid,@mufcartoon
1874,@ietong_permana,@MachfudMD
1875,@ietong_permana,@basuki_btp
1876,@ietong_permana,@kompasiana
1877,@ietong_permana,@jokowi
1878,@a_wahyuwijaya,@mbauppie_
1879,@rmoljateng,@PDemokrat
1880,@rmoljateng,@agusharimurti
1881,@ajib33,@Gerindra
1882,@ajib33,@PDemokrat
1883,@Gunawan_P1968,@faizalassegaf
1884,@Gunawan_P1968,@FirdausAlwison
1885,@im_adriannoo,@ridwankamil
1886,@im_adriannoo,@ganjarpranowo
1887,@iramady15,@TM2BACK
1888,@shayfuddinz,@BatamMusic
1889,@Gol_A_Gong,@tvOneNews
1890,@Gol_A_Gong,@Metro_TV
1891,@Gol_A_Gong,@detikcom
1892,@susansut13,@detikcom
1893,@YulianaPinky,@doni_dee
